insert into country(gdp_usd, name) values
                                       (124425.64, 'Russia'),
                                       (11122134.65, 'USA'),
                                       (1212125.15, 'Japan'),
                                       (24214.51, 'France'),
                                       (14144.51, 'Mongolia'),
                                       (1414.51, 'Kazakhstan'),
                                       (1667.13, 'Uzbekistan'),
                                       (200000, 'United Kingdom'),
                                       (443242331, 'Germany');

insert into subsidy (country_id, require_price, required_wd) values
                                                                 (1, 15000, '4wd'),
                                                                 (2, 250000, '4wd'),
                                                                 (3, 300000, 'rwd'),
                                                                 (4, 1100000, 'fwd'),
                                                                 (5, 15000, '4wd'),
                                                                 (6, 15000, 'fwd'),
                                                                 (7, 15000, '4wd');

insert into country_tax (country_id, tax) values
                                              (1, 1000),
                                              (2, 2000),
                                              (3, 3000),
                                              (4, 4000),
                                              (5, 5000),
                                              (6, 6000),
                                              (7, 7000),
                                              (8, 8000),
                                              (9, 9000);

insert into vendor(country_id, capitalization, name) values
                                                         (1, 13135.24, 'UAZ'),
                                                         (1, 1556.67, 'LADA'),
                                                         (1, 35635.77, 'ZIL'),
                                                         (1, 23725.88, 'KAMAZ'),
                                                         (2, 356365.78, 'Ford'),
                                                         (2, 36363572.35, 'Chevrolet'),
                                                         (2, 24747247.66, 'Cadillac'),
                                                         (2, 24574474.12, 'Lincoln'),
                                                         (2, 247247.22, 'Buick'),
                                                         (2, 496559.23, 'Jeep'),
                                                         (2, 3559468.33, 'Pontiac'),
                                                         (3, 45385974.66, 'Toyota'),
                                                         (3, 358453.67, 'Mazda'),
                                                         (3, 34687456945383466.79, 'Nissan'),
                                                         (4, 3684374.76, 'Renault'),
                                                         (4, 34678453.56, 'Citroen'),
                                                         (4, 586947958.54, 'Peugeot'),
                                                         (8, 42234212, 'Land Rover'),
                                                         (8, 32131312, 'Jaguar'),
                                                         (8, 321312, 'Aston Martin'),
                                                         (9, 5453453, 'BMW'),
                                                         (9, 324235245, 'Mercedes-Benz'),
                                                         (9, 35463635346356, 'Volkswagen');

insert into type (type, additional_info) values
                                             ('engine', 'v6'),
                                             ('engine', 'i4'),
                                             ('engine', 'v8'),
                                             ('engine', 'i6'),
                                             ('engine', 'electric'),
                                             ('door', 'front left'),
                                             ('door', 'front right'),
                                             ('door', 'back left'),
                                             ('door', 'back right'),
                                             ('bumped', 'front'),
                                             ('bumper', 'back'),
                                             ('transmission', 'manual'),
                                             ('transmission', 'automatic'),
                                             ('transmission', 'variator'),
                                             ('transmission', 'robot');

insert into component (vendor_id, type_id, name, additional_info) values
                                                                      (1, 1, 'ZMZ406', 'petrol'),
                                                                      (15, 2, 'K4M', 'petrol'),
                                                                      (15, 3, 'D4F', 'petrol'),
                                                                      (15, 2, 'F7R', 'petrol'),
                                                                      (15, 2, 'K9K', 'diesel'),
                                                                      (15, 1, 'P9X', 'diesel'),
                                                                      (14, 2, 'MR20DE', 'petrol'),
                                                                      (14, 2, 'QR20DE', 'petrol'),
                                                                      (14, 3, 'VH45DE', 'petrol'),
                                                                      (14, 4, 'QD32', 'diesel'),
                                                                      (15, 6, 'RRD', 'diesel'),
                                                                      (21, 5, 'EV', 'EvEngine'),
                                                                      (15, 6, 'RenaultDoorFL', 'Red'),
                                                                      (15, 7, 'RenaultDoorFR', 'Red'),
                                                                      (15, 8, 'RenaultDoorBL', 'Red'),
                                                                      (15, 9, 'RenaultDoorBR', 'Red'),
                                                                      (14, 6, 'NissanDoorFL', 'Yellow'),
                                                                      (14, 7, 'NissanDoorFR', 'Yellow'),
                                                                      (14, 8, 'NissanDoorBL', 'Yellow'),
                                                                      (14, 9, 'NissanDoorBR', 'Yellow'),
                                                                      (21, 6, 'BMWEvDoorFL', 'Black'),
                                                                      (21, 7, 'BMWEvDoorFR', 'Black'),
                                                                      (21, 8, 'BMWEvDoorBL', 'Black'),
                                                                      (21, 9, 'BMWEvDoorBR', 'Black'),
                                                                      (14, 12, 'RS6F94R', 'MT 6-speed'),
                                                                      (14, 14, 'JF010E', 'CVT'),
                                                                      (15, 12, 'JH1', 'MT 5-speed'),
                                                                      (15, 13, 'DP2', 'AT 3-speed'),
                                                                      (21, 15, 'DCT', 'Robot'),
                                                                      (21, 13, '6HP19', 'AT 6-speed');

insert into factory (vendor_id, max_workers, productivity) values
                                                               (1, 1000, 10),
                                                               (2, 1000, 10),
                                                               (3, 1000, 10),
                                                               (4, 1000, 10),
                                                               (5, 1000, 10),
                                                               (6, 1000, 10),
                                                               (7, 1000, 10),
                                                               (8, 1000, 10),
                                                               (9, 1000, 10),
                                                               (10, 1000, 10),
                                                               (11, 1000, 10),
                                                               (12, 1000, 10),
                                                               (13, 1000, 10),
                                                               (14, 1000, 10),
                                                               (15, 1000, 10),
                                                               (16, 1000, 10),
                                                               (17, 1000, 10),
                                                               (18, 1000, 10),
                                                               (19, 1000, 10),
                                                               (20, 1000, 10),
                                                               (21, 1000, 10),
                                                               (22, 1000, 10),
                                                               (23, 1000, 10);


insert into engineer (vendor_id, name, gender, experience, salary, factory_id) values
                                                                                   (1, 'Andrew', 'male', 13, 10000, 1),
                                                                                   (2, 'Peter', 'male', 13, 10000, 2),
                                                                                   (3, 'Amanda', 'female', 13, 10000, 3),
                                                                                   (3, 'Sergey', 'male', 13, 153764, 3),
                                                                                   (3, 'Anton', 'male', 13, 10000, 3),
                                                                                   (4, 'Zakhar', 'male', 13, 13566, 4),
                                                                                   (5, 'Vladimir', 'male', 13, 135135, 5),
                                                                                   (6, 'Josef', 'male', 10, 21143, 6),
                                                                                   (7, 'Takida', 'male', 13, 10000, 7),
                                                                                   (8, 'Gregory', 'male', 13, 111113, 8),
                                                                                   (9, 'Hans', 'male', 13, 26242, 9),
                                                                                   (9, 'Frans', 'male', 13, 357357, 9),
                                                                                   (10, 'Mikhail', 'male', 13, 12454, 10),
                                                                                   (11, 'Alexey', 'male', 13, 124524, 11),
                                                                                   (11, 'Kirill', 'male', 13, 12455, 11),
                                                                                   (12, 'Pavel', 'male', 13, 999999, 12),
                                                                                   (13, 'Dmitriy', 'male', 4, 14342342, 13),
                                                                                   (14, 'Kate', 'female', 20, 143112, 14),
                                                                                   (15, 'Kostyan', 'male', 40, 23253453453, 15),
                                                                                   (16, 'Alex', 'male', 10, 12423423, 16),
                                                                                   (17, 'Thomas', 'male', 15, 214134, 17),
                                                                                   (18, 'Abgdish', 'male', 12, 12143242, 18),
                                                                                   (19, 'Gadya', 'female', 4, 14234, 19),
                                                                                   (20, 'Pepepopo', 'male', 10, 42523423, 20),
                                                                                   (21, 'Vladimir', 'male', 9, 314342, 21),
                                                                                   (22, 'Adolf', 'male', 41, 534532, 22),
                                                                                   (23, 'Mikhail', 'male', 12, 445345, 23);


insert into model (vendor_id, name, wheeldrive, significance, price, prod_cost, engineer_id, factory_id, sales) values
                                                                                                                    (1, 'Patriot', '4wd', 1000000, 2990, 1000, 1, 1, 10000),
                                                                                                                    (1, 'PatrNoEngine', '4wd', 1000000, 2990, 1000, 1, 1, 10000),
                                                                                                                    (1, 'Buhanka', '4wd', 1000000, 2990, 1000, 1, 1, 10000),
                                                                                                                    (14, 'Qashqai', 'fwd', 100, 5000, 2000, 18, 14, 10000000),
                                                                                                                    (15, 'Megane', 'fwd', 100, 5000, 2500, 19, 15, 100000),
                                                                                                                    (21, '318', 'rwd', 200, 6000, 3000, 23, 21, 1000);

insert into model_component (model_id, component_id) values
                                                         (1, 1),
                                                         (3, 1),
                                                         (4, 7),
                                                         (4, 17),
                                                         (4, 18),
                                                         (4, 19),
                                                         (4, 20),
                                                         (4, 25),
                                                         (5, 2),
                                                         (5, 13),
                                                         (5, 14),
                                                         (5, 15),
                                                         (5, 16),
                                                         (5, 28),
                                                         (6, 30),
                                                         (6, 21),
                                                         (6, 21),
                                                         (6, 22),
                                                         (6, 23),
                                                         (6, 24);

insert into "order" (model_id, quantity, order_type) values
                                                         (1, 1000, 'gos'),
                                                         (2, 1, 'gos'),
                                                         (3, 5000, 'retail'),
                                                         (4, 1000000, 'retail'),
                                                         (5, 294340, 'retail'),
                                                         (6, 421341, 'retail');

insert into storage (model_id, amount, vendor_id) values
                                                      (1, 1500, 1),
                                                      (2, 1000, 1),
                                                      (3, 100000, 1),
                                                      (4, 10000000, 14),
                                                      (5, 294341, 15),
                                                      (6, 4213411, 21);

insert into shipment (order_id, country_to_id, date, cost) values
                                                               (1, 5, '2022-10-20', 100),
                                                               (2, 3, '2022-12-31', 100),
                                                               (3, 6, '2022-09-30', 100),
                                                               (4, 8, '2022-11-10', 2000),
                                                               (5, 9, '2022-12-21', 1000),
                                                               (6, 1, '2024-01-01', 50000);